境内人士,1400,抱歉。请问与会人员有一年以上有效境外工作签证或者境外永久居住证吗?
好的，谢谢,700,"不客气。,请问还有什么可以帮您？,请问还有什么可以帮您？"
境内的,600,请问与会人员有一年以上有效境外工作签证或者境外永久居住证吗?
国内产品,500,您可以联系到一位与您有业务往来的已经办理好境外采购商证的境外客商，您在他的陪伴下到广交会现场去办理一个收费的采购代表证进馆。收费标准为300RMB/人/天 50元工本费。办证资料：1、第二代身份证原件及复印件 2、名片 3、蓝/白底相片5厘米x4厘米的个人近期证件彩照 （1名外商只可以陪同2名境内人士办证）
好的谢谢,300,"不客气。,请问还有什么可以帮您？,请问还有什么可以帮您？"
国内的,300,请问您方便提供贵司公司名称吗？
没有了谢谢,200,"""不客气,"",请您稍后对本次服务进行评价，感谢您使用广交会网上客服，祝您生活愉快！再见！,请您稍后对本次服务进行评价，感谢您使用广交会网上客服，祝您生活愉快！再见！"
还有其他方式吗,200,"抱歉，这是最适合您办的证件。,您好！工号70424很高兴为您服务/Hello! NO.70424 is at your service. ,您好！工号70424很高兴为您服务/Hello! NO.70424 is at your service. "
都想参观,200,请问您方便提供贵司公司名称吗？
一个采购商证可以帮两个境内人士办理采购商代表证对吧？,200,您好，若是已经办理境外采购商证的客商，是可以陪同两名境内人士办证的。
这两位境内人士办证需要什么材料？,200,您好，若是需要在已经办理好境外采购商证的客商陪同下到广交会现场去办理一个收费的采购代表证进馆。收费标准为300RMB/人/天 50元工本费。办证资料：1、第二代身份证原件及复印件 2、名片 3、蓝/白底相片5厘米x4厘米的个人近期证件彩照 （1名外商只可以陪同2名境内人士办证）
好的，谢谢！,200,不客气。
采购商,200,请问您是指采购商电子服务平台吗？
我是境内的为什么需要境外的证件？,200,好的。请问您想参观采购国内产品还是国外产品？
都有可能,200,好的。请问您方便提供贵司公司名称吗？
中山富达运动器材有限公司,200,好的，根据您的情况。您可以联系到一位与您有业务往来的已经办理好境外采购商证的境外客商，您在他的陪伴下到广交会现场去办理一个收费的采购代表证进馆。收费标准为300RMB/人/天 50元工本费。办证资料：1、第二代身份证原件 2、名片 3、蓝/白底相片5厘米x4厘米的个人近期证件彩照 （1名外商只可以陪同2名境内人士办证）
"客户是老外，还有两个中国人,相当于翻译吧,相当于翻译吧,这么理解吧,这么理解吧",200,请问您的客户已经办理好境外采购商证了吗？
"恩,是的,是的",200,请问两名中国客户有一年以上有效境外工作签证或者境外永久居住证吗?
洛阳今丰,200,请问是有限公司形式吗？
一个外商可以带几个,200,1名外商只可以陪同2名境内人士办证 
"好的,市民怎么申请参观？,市民怎么申请参观？",200,请问您是想要参观哪个展会呢？
广交会,200,请问与会人员是境内人士还是境外人士呢？
"境内,广东,广东",200,请问与会人员有一年以上有效境外工作签证或者境外永久居住证吗?
就是参观?都想看看,200,请问您方便提供贵司公司名称吗？
个人的话不能参观嘛,200,好的，根据您的情况，您可以联系到一位与您有业务往来的已经办理好境外采购商证的境外客商，您在他的陪伴下到广交会现场去办理一个收费的采购代表证进馆。收费标准为300RMB/人/天 50元工本费。办证资料：1、第二代身份证原件 2、名片 3、蓝/白底相片5厘米x4厘米的个人近期证件彩照 （1名外商只可以陪同2名境内人士办证）
"不认识怎么办？,就是参观?,就是参观?",200,如果没有已办理好境外采购商证的外商陪同，是无法办证进馆的。
市民参观不了嘛,200,是的。广交会期间不对外开放，需符合相关办证条件办理相关证件方可进馆。由此造成的不便，敬请谅解。
"如果有外商带着需要办证吗？,都没有,都没有",200,"抱歉，是否有。,根据您的情况，您需要在一名已经办理采购商证的外商的陪同，带上二代身份证，2寸蓝底或白底的照片，名片到广交会现场境外采购商报道处办理收费采购代表证，收费：300元/人/天 50元工本费。,根据您的情况，您需要在一名已经办理采购商证的外商的陪同，带上二代身份证，2寸蓝底或白底的照片，名片到广交会现场境外采购商报道处办理收费采购代表证，收费：300元/人/天 50元工本费。"
"明天再办来得及吗？,我是想明天去,我是想明天去",200,"可以的。,明天8:30开始可以办证。,明天8:30开始可以办证。"
好的，我问过一些代理商，为什么要收500块啊？,200,广交会没有跟任何的代理机构去合作，办理证件的，请您不要轻信，以免造成不必要的损失。
好，谢谢,200,不客气。
没有呢,200,您可以联系到一位与您有业务往来的已经办理好境外采购商证的境外客商，您在他的陪伴下到广交会现场去办理一个收费的采购代表证进馆。收费标准为300RMB/人/天 50元工本费。办证资料：1、第二代身份证原件及复印件 2、名片 3、蓝/白底相片5厘米x4厘米的个人近期证件彩照 （1名外商只可以陪同2名境内人士办证）
普通商户可以入场参观么,200,请问与会人员是境内人士还是境外人士呢？
我们是东莞的,100,您可以联系到一位与您有业务往来的已经办理好境外采购商证的境外客商，您在他的陪伴下到广交会现场去办理一个收费的采购代表证进馆。收费标准为300RMB/人/天 50元工本费。办证资料：1、第二代身份证原件及复印件 2、名片 3、蓝/白底相片5厘米x4厘米的个人近期证件彩照 （1名外商只可以陪同2名境内人士办证）
哦，好的谢谢,100,不客气，请问还有什么可以帮您？
哦，境内的只能通过这种方式进去吗？,100,根据您的情况，以上办证方式是最适合您的。
哦，我们也有厂，但是现在没计划参展，只是想先看看,100,进馆都是需要办证证件，没有证件无法进馆。
"那除了上面说的那种方式，只有参展的才能进去吗？,境内的,境内的",100,您好！工号70408很高兴为您服务/Hello!?NO.70408?is?at?your?service. 
没有我这里是工厂仅仅想要参观一下因为我们有想做出口的打算想先了解一下,100,您可以联系到一位与您有业务往来的已经办理好境外采购商证的境外客商，您在他的陪伴下到广交会现场去办理一个收费的采购代表证进馆。收费标准为300RMB/人/天 50元工本费。办证资料：1、第二代身份证原件及复印件 2、名片 3、蓝/白底相片5厘米x4厘米的个人近期证件彩照 （1名外商只可以陪同2名境内人士办证）
噢好的只有这一种办法是吗,100,是的.
好的那时间是？,100,"第一期：春：4月15-19日 秋：10月15-19日（电子及家电类、照明类、车辆及配件类、机械类、五金工具类、建材类、化工产品类、能源类）,以上是展出时间。"
家具属于“家居装饰品类”吗？,100,家具属于二期家具展区。
第二期：春：4月23-27日??秋：10月23-27日?这个是吗,100,是的。
"境内的，,内蒙古赤峰的，,内蒙古赤峰的，",100,请问与会人员有一年以上有效境外工作签证或者境外永久居住证吗?
"没有，,只有中国居民身份证,只有中国居民身份证",100,请问贵司全称是？
赤峰华强五金销售部,100,请问您是需要采购国内的产品吗？
国内，国外的都想采购，,100,好的。根据您的情况，您可以联系到一位与您有业务往来的已经办理好境外采购商证的境外客商，您在他的陪伴下到广交会现场去办理一个收费的采购代表证进馆。收费标准为300RMB/人/天 50元工本费。办证资料：1、第二代身份证原件 2、名片 3、蓝/白底相片5厘米x4厘米的个人近期证件彩照 （1名外商只可以陪同2名境内人士办证）
原来没做过进口产品，没有认识的境外采购商，怎么办，,100,很抱歉，如果没有外商陪同，是无法办证进馆的。
如果就采购国内的产品呢，,100,"您好，您参观的出口展区参展企业都是国内的企业，参展展品主要面向境外市场境外采购商，您可作为境外采购商的境内采购代表办理采购代表证进馆。 ,您好！工号70408很高兴为您服务/Hello!?NO.70408?is?at?your?service. ,您好！工号70408很高兴为您服务/Hello!?NO.70408?is?at?your?service. "
"怎么参观,怎么办参观证,怎么办参观证",100,请问与会人员是境内人士还是境外人士呢？
没有啊,100,您可以联系到一位与您有业务往来的已经办理好境外采购商证的境外客商，您在他的陪伴下到广交会现场去办理一个收费的采购代表证进馆。收费标准为300RMB/人/天 50元工本费。办证资料：1、第二代身份证原件及复印件 2、名片 3、蓝/白底相片5厘米x4厘米的个人近期证件彩照 （1名外商只可以陪同2名境内人士办证）
"还有别的方式没有,我们是从外地专门过来看展会的",100,抱歉，这是最适合您办的证件。
之前在网上说可以凭名片参观,100,很抱歉，是不可以的。
那我们这怎么参观啊,100,您可以联系到一位与您有业务往来的已经办理好境外采购商证的境外客商，您在他的陪伴下到广交会现场去办理一个收费的采购代表证进馆。收费标准为300RMB/人/天 50元工本费。办证资料：1、第二代身份证原件及复印件 2、名片 3、蓝/白底相片5厘米x4厘米的个人近期证件彩照 （1名外商只可以陪同2名境内人士办证）
"那没有业务往来的已经办理好境外采购商证的境外客商,怎么办,怎么办",100,"如果没有已经办理好境外采购商证的外商陪同下，是无法办证进馆的。,您好，请问还有什么可以帮您？,您好，请问还有什么可以帮您？"
我想去看展览，但是进不去,100,"没有证件是无法进馆的。,您好！工号70408很高兴为您服务/Hello!?NO.70408?is?at?your?service. ,您好！工号70408很高兴为您服务/Hello!?NO.70408?is?at?your?service. "
个人参观展会怎么购票？,100,您好，广交会是没有门票售卖的，进馆是需要办证。
怎么办证？,100,请问与会人员是境内人士还是境外人士呢？
没有了，有需要在麻烦您，谢谢,100,您好！工号70408很高兴为您服务/Hello!?NO.70408?is?at?your?service. 
我想咨询一下，广交会春节第一场最后的参展时间是什么呢？,100,请问您是想要申请展位吗？
个人可以买票进去观展吗？,100,"您好，广交会是没有门票售卖的，进馆是需要办理证件的,请问与会人员是境内人士还是境外人士呢？,请问与会人员是境内人士还是境外人士呢？"
我是境内人士还需要境外客商带着才能保证？,100,您好，您参观的出口展区参展企业都是国内的企业，参展展品主要面向境外市场境外采购商，您可作为境外采购商的境内采购代表办理采购代表证进馆。 
国内商品、是,100,好的。根据您的情况，您可以联系到一位与您有业务往来的已经办理好境外采购商证的境外客商，您在他的陪伴下到广交会现场去办理一个收费的采购代表证进馆。收费标准为300RMB/人/天 50元工本费。办证资料：1、第二代身份证原件及复印件 2、名片 3、蓝/白底相片5厘米x4厘米的个人近期证件彩照 （1名外商只可以陪同2名境内人士办证）
网上没法办理吗,100,是的。
"是的,就是国内的企业，它并没有做出口，但想来参观,就是国内的企业，它并没有做出口，但想来参观",100,请问之前是否有参加过广交会呢？
"是境内的呀，不是境外的,就是中国人去参观需要什么手续？,就是中国人去参观需要什么手续？",100,若国内人士不持有一年以上境外有效工作签证或者境外永久居住证，您可以联系到一位与您有业务往来的已经办理好境外采购商证的境外客商，您在他的陪伴下到广交会现场去办理一个收费的采购代表证进馆。收费标准为300RMB/人/天 50元工本费。办证资料：1、第二代身份证原件及复印件 2、名片 3、蓝/白底相片5厘米x4厘米的个人近期证件彩照 （1名外商只可以陪同2名境内人士办证）
您好，请问个人参展需要什么证件吗,100,请问您是想进馆参观采购吗？
联系不到啊……,100,如没有已经办理好境外采购商证的境外客商陪同下是无法办理证件的。
啊……境内采购商独自不可以去吗,100,"是的。,您好，请问还有什么可以帮您？,您好，请问还有什么可以帮您？"
噢好的谢谢，没有了,100,"不客气。,您好！工号70424很高兴为您服务/Hello! NO.70424 is at your service. ,您好！工号70424很高兴为您服务/Hello! NO.70424 is at your service. "
请问第一次进去参观需要什么资料办证,100,请问与会人员是境内人士还是境外人士呢？
噢?要和外商现场办理?,100,是的。
b区有最近的办理点吗？,100,"B区六号门是办证点。,第三期的办证时间是： 5月1-4日 8:30-18:00? 5月5日8:30-14:00,第三期的办证时间是： 5月1-4日 8:30-18:00? 5月5日8:30-14:00"
会不会要排很久的队,100,"抱歉，保证地点应该是A区6号门，B区4号门。,这边无法预估现场的情况，建议您早一点过去。,这边无法预估现场的情况，建议您早一点过去。"
请问参加第三期展会需要准备什么证件吗？,100,请问您是要进馆参观采购吗？
是的，公司派代表参观,100,请问与会人员是境内人士还是境外人士呢？
境内的需要境外的工作证吗？,100,"不是的。,您可以联系到一位与您有业务往来的已经办理好境外采购商证的境外客商，您在他的陪伴下到广交会现场去办理一个收费的采购代表证进馆。收费标准为300RMB/人/天 50元工本费。办证资料：1、第二代身份证原件及复印件 2、名片 3、蓝/白底相片5厘米x4厘米的个人近期证件彩照 （1名外商只可以陪同2名境内人士办证）,您可以联系到一位与您有业务往来的已经办理好境外采购商证的境外客商，您在他的陪伴下到广交会现场去办理一个收费的采购代表证进馆。收费标准为300RMB/人/天 50元工本费。办证资料：1、第二代身份证原件及复印件 2、名片 3、蓝/白底相片5厘米x4厘米的个人近期证件彩照 （1名外商只可以陪同2名境内人士办证）"
没有境外工作签证和永久居住证件，北京人，中国公民,100,请问您想参观采购国内产品还是国外产品？
好的，明白,100,请问还有什么可以帮您？
没有了，谢谢,100,您好！工号70445很高兴为您服务。/Hello! NO.70445 is at your service. 
"没有,我们是贸易公司，境内采购商,我们是贸易公司，境内采购商",100,抱歉，那么展商的邀请函是无法协助您办证的。
那我们还有什么办法可以办入场证呢,100,"您可以联系到一位与您有业务往来的已经办理好境外采购商证的境外客商，您在他的陪伴下到广交会现场去办理一个收费的采购代表证进馆。收费标准为300RMB/人/天 50元工本费。办证资料：1、第二代身份证原件及复印件 2、名片 3、蓝/白底相片5厘米x4厘米的个人近期证件彩照 （1名外商只可以陪同2名境内人士办证）,请问还有什么可以帮您？,请问还有什么可以帮您？"
那是不是直接有境外采购商带我们去办理就可以当天进入呢？,100,您当天在外伤陪同下办理好证件就可以入馆。
必须是已经办理好境外采购商证的境外客商吗？如果是境外展商呢？,100,如果您有认识的境外展商朋友，您可以联系进口展的招展部门，询问是否能请境外展商为您办理参展代表证入馆。招展部门联系方式：http://www.cantonfair.org.cn/cn/international/contactus.aspx
哦这样，那有境外采购商带领去的话，办理地址在哪里？,100,"境外采购商报到处：,请问还有什么可以帮您？,您好！工号70428很高兴为您服务/Hello!?NO.70428?is?at?your?service. "
怎么办理入场证,100,请问与会人员是境内人士还是境外人士呢？
境内人士，怎么办理,100,好的，如果您没有上诉提到的俩个证件的话，请问您想参观采购国内产品还是国外产品？
深圳宏泽兴电子商务有限公司,100,请问与会人员有一年以上有效境外工作签证或者境外永久居住证吗?
不可以自己办理证件吗,100,广交会是根据客商的身份证类型及公司类型办理相对应的证件才可以进馆的，根据您所提供的信息，这是最适合您的办证方法。
"是的,可以办理吗,可以办理吗",100,"是可以的，但是这边需要根据您的信息给您匹配不同的办证方法。,请问与会人员是境内人士还是境外人士呢？,请问与会人员是境内人士还是境外人士呢？"
必须是参展商吗？,100,不是的，若您是想参观或者采购都是以采购商的身份办证进馆的。
"石家庄以岭药业股份有限公司,是的,是的",100,好的。您可以联系到一位与您有业务往来的已经办理好境外采购商证的境外客商，您在他的陪伴下到广交会现场去办理一个收费的采购代表证进馆。收费标准为300RMB/人/天 50元工本费。办证资料：1、第二代身份证原件及复印件 2、名片 3、蓝/白底相片5厘米x4厘米的个人近期证件彩照 （1名外商只可以陪同2名境内人士办证）
都想看看,100,请问您方便提供贵司公司名称吗？
江苏导航纺织科技有限公司?,100,好的，根据您所提供的信息，给你匹配了适合您的办证方法。您可以联系到一位与您有业务往来的已经办理好境外采购商证的境外客商，您在他的陪伴下到广交会现场去办理一个收费的采购代表证进馆。收费标准为300RMB/人/天 50元工本费。办证资料：1、第二代身份证原件及复印件 2、名片 3、蓝/白底相片5厘米x4厘米的个人近期证件彩照 （1名外商只可以陪同2名境内人士办证）
广交会直接进不能办么,100,"抱歉，广交会是需要根据客商的身份证类型及公司类型办理相对应的证件才能进馆的。,""您好,我是70429,很高兴和您对话！"",""您好,我是70429,很高兴和您对话！"""
"5月1号到5号的，,想参观春季第三期的,想参观春季第三期的",100,请问您想参观采购国内产品还是国外产品？
主要是国内产品,100,好的。根据您的情况，您可以联系到一位与您有业务往来的已经办理好境外采购商证的境外客商，您在他的陪伴下到广交会现场去办理一个收费的采购代表证进馆。收费标准为300RMB/人/天 50元工本费。办证资料：1、第二代身份证原件及复印件 2、名片 3、蓝/白底相片5厘米x4厘米的个人近期证件彩照 （1名外商只可以陪同2名境内人士办证）
如果找不到合适的外商呢,100,"如果没有境外客商陪同的话是办理不了该证件的.,您好，您参观的出口展区参展企业都是国内的企业，参展展品主要面向境外市场境外采购商，您可作为境外采购商的境内采购代表办理采购代表证进馆。 ,您好，您参观的出口展区参展企业都是国内的企业，参展展品主要面向境外市场境外采购商，您可作为境外采购商的境内采购代表办理采购代表证进馆。 "
好的，谢谢了,100,"不客气,""您好,我是70429,很高兴和您对话！"",""您好,我是70429,很高兴和您对话！"""
您好，请问个人如何参观广交会,100,请问与会人员是境内人士还是境外人士呢？
必须要境外客商带领吗,100,"是的,您好！工号70429很高兴为您服务/Hello!?NO.70429?is?at?your?service. ,您好！工号70429很高兴为您服务/Hello!?NO.70429?is?at?your?service. "
没有?我们公司是主做国内贸易的想去找些供应商的,100,请问与会人员有一年以上有效境外工作签证或者境外永久居住证吗?
???我可以提前办理吗？有没有其他优惠?,100,"""很抱歉,根据您的情况,这是您唯一的办证方法。"",Comment by 莹火虫: QA,Comment by 莹火虫: QA,以上是办证时间。"
5.1是不是会有很多办证的人？,100,抱歉，这个是无法预估的。
300rmb/人/天50元工本费???可以直接买2天的吗？,100,可以的，收费的采购代表证是最多一次性办理连续5天的证件。
好谢谢,100,不客气。
就是我是不是不能免费?,100,您好，境内客商办理的是收费的采购代表证。
我想观展，要在哪里申请,100,请问与会人员是境内人士还是境外人士呢？
"讯成信息科技，我们主要是做工业动画的,还有其他方式吗？,还有其他方式吗？",100,抱歉，这是最适合您办的证件。
因为我们的业务是在国内,100,"是的，由于您参观的出口展区参展企业都是国内的企业，参展展品主要面向境外市场境外采购商，您可作为境外采购商的境内采购代表办理采购代表证进馆。 ,您好！工号70408很高兴为您服务/Hello!?NO.70408?is?at?your?service. ,您好！工号70408很高兴为您服务/Hello!?NO.70408?is?at?your?service. "
请问采购商证如何办理,100,请问与会人员是境内人士还是境外人士呢？
都有我们主要是观展,100,请问您方便提供贵司公司名称吗？
三门定远交通设施有限公司,100,您可以联系到一位与您有业务往来的已经办理好境外采购商证的境外客商，您在他的陪伴下到广交会现场去办理一个收费的采购代表证进馆。收费标准为300RMB/人/天 50元工本费。办证资料：1、第二代身份证原件及复印件 2、名片 3、蓝/白底相片5厘米x4厘米的个人近期证件彩照 （1名外商只可以陪同2名境内人士办证）
请问还有别的方式吗?我们是希望下半年参展?所以上半年想先了解一下展会情况,100,"抱歉，这是最适合您办的证件。,您好，请问还有什么可以帮您？,您好，请问还有什么可以帮您？"
暂时没有了谢谢?,100,"不客气。,请您稍后对本次服务进行评价，感谢您使用广交会网上客服，祝您生活愉快！再见！,请您稍后对本次服务进行评价，感谢您使用广交会网上客服，祝您生活愉快！再见！"
那不采购不参展、有别的方式进去吗,100,抱歉，没有的，进馆参观采购是以采购商身份进馆。
有没有所谓门票的说法?就是只是进去看看的,100,您好，广交会是没有门票售卖的。
"好的吧?麻烦你了?,您好，广交会观众怎么登记,您好，广交会观众怎么登记",100,请问与会人员是境内人士还是境外人士呢？
没有境外客商的话没法办理？,100,是的。
是的，作为观众,100,请问与会人员是境内人士还是境外人士呢？
不是的，就单独个人想要观展，可以么,100,"您可以联系到一位与您有业务往来的已经办理好境外采购商证的境外客商，您在他的陪伴下到广交会现场去办理一个收费的采购代表证进馆。收费标准为300RMB/人/天 50元工本费。办证资料：1、第二代身份证原件及复印件 2、名片 3、蓝/白底相片5厘米x4厘米的个人近期证件彩照 （1名外商只可以陪同2名境内人士办证）,您好，请问还有什么可以帮您？,您好，请问还有什么可以帮您？"
嗯，如果没有境外客商可以联系呢？还有别的办证方法吗？,100,抱歉，根据您的情况，是只有以上办证方式。
"嗯，好的谢谢,广交会现在游客可以参观嘛,广交会现在游客可以参观嘛",100,请问您是指广交会期间参观吗？
对，因为学的工业设计，打算看一下4月份第一期的展会,100,请问与会人员是境内人士还是境外人士呢？
"境内,我们公司是第二期才来,我们公司是第二期才来",100,请问与会人员有一年以上有效境外工作签证或者境外永久居住证吗?
"国外的,去学习参观一下,去学习参观一下",100,请问您想参观国外什么产品？
家电和车辆相关的,100,抱歉，进口展区暂时没有找到车辆相关展品，第一期有电子及家电类，请问贵司有从事跟家电相关的进口业务并且可以提供报关单等证明材料吗？
"您好我想申请123届进出口采购商证,怎么申请,怎么申请",100,请问与会人员是境内人士还是境外人士呢？
厦门杰富绅科技有限公司,100,您可以联系到一位与您有业务往来的已经办理好境外采购商证的境外客商，您在他的陪伴下到广交会现场去办理一个收费的采购代表证进馆。收费标准为300RMB/人/天 50元工本费。办证资料：1、第二代身份证原件及复印件 2、名片 3、蓝/白底相片5厘米x4厘米的个人近期证件彩照 （1名外商只可以陪同2名境内人士办证）
"采购商证,不是可以网上直接申请吗",100,根据您的情况，您的证件只能在现场办理。
可是我们去年网上都办理了采购商证,100,请问您之前是在哪个网址操作，办理的是什么证件？
"采购商证,捷易通,捷易通,,,之前在这个地方办理的,之前在这个地方办理的",100,"您好，感谢您的情况，您的证件只能在现场办理，您截图的这个采购商电子服务平台是境外客商申请的平台。,抱歉，您截图的这个平台是指采购国外产品并且贵司从事的业务必须包含进口贸易可以提供报关单等证明材料。,抱歉，您截图的这个平台是指采购国外产品并且贵司从事的业务必须包含进口贸易可以提供报关单等证明材料。"
采购国内产品,100,请问与会人员是境内人士还是境外人士呢？
广交会的国内商品只能境外公司采购吗？,100,不是的，只要符合办证资质标准都可办理证件进馆参观采购。
需要什么样的资质呢？,100,想询问一下您方便提供贵司全称吗？
北京西达文化传媒有限公司,100,好的，根据您所提供的情况，您可以联系到一位与您有业务往来的已经办理好境外采购商证的境外客商，您在他的陪伴下到广交会现场去办理一个收费的采购代表证进馆。收费标准为300RMB/人/天 50元工本费。办证资料：1、第二代身份证原件及复印件 2、名片 3、蓝/白底相片5厘米x4厘米的个人近期证件彩照 （1名外商只可以陪同2名境内人士办证）
是当天办理吗？,100,若您是进馆参观采购第一期可开展前一天办理。
其他2期呢？,100,第二期以及第三期开展期间方可办理该证件。
每一期都要办证件吗？,100,"该证件最多只可办理5天，不可跨期办理，您办理多少天就可进馆多少天。,若您每期都进馆参观采购，您都需办理证件进馆。,若您每期都进馆参观采购，您都需办理证件进馆。"
怎么办理？,100,以下为证件办理方式：您可以联系到一位与您有业务往来的已经办理好境外采购商证的境外客商，您在他的陪伴下到广交会现场去办理一个收费的采购代表证进馆。收费标准为300RMB/人/天 50元工本费。办证资料：1、第二代身份证原件及复印件 2、名片 3、蓝/白底相片5厘米x4厘米的个人近期证件彩照 （1名外商只可以陪同2名境内人士办证）
还有其他方法吗？,100,抱歉，这是最适合您办的证件。
第一期可以当天办理证件吗？,100,可以的。
在广交会哪里办理？,100,您可在广交会现场办理，A区西侧境外采购商报到处以及B区东侧境外采购商报到处 。
"这个有名额限制吗？,去晚了，就不能办理了？,去晚了，就不能办理了？",100,"是没有名额限制的。但一般是下午6点就不可办理证件.,是没有名额限制的。但一般是下午6点就不可办理证件。,是没有名额限制的。但一般是下午6点就不可办理证件。"
早上几点开始？,100,一般是早上8：30可开始办理证件。
"好的，谢谢,我要办证,我要办证",100,请问与会人员是境内人士还是境外人士呢？
我没有外商那就不能进馆了吗,100,您好，您参观的出口展区参展企业都是国内的企业，参展展品主要面向境外市场境外采购商，您可作为境外采购商的境内采购代表办理采购代表证进馆。
我要进馆参观,100,"请问与会人员是境内人士还是境外人士呢？,请问与会人员是境内人士还是境外人士呢？,请问与会人员是境内人士还是境外人士呢？"
请问我该怎么买票,100,广交会是没有门票出售，进馆是需要办理证件的。
上海人,100,请问与会人员有一年以上有效境外工作签证或者境外永久居住证吗?
"怎么办理想过,中国上海人！,中国上海人！",100,请问您方便提供贵司公司名称吗？
怎么办理证件,100,请问您方便提供贵司公司名称吗？
苏州浩善五金有限公司,100,好的，根据您的情况，您可以联系到一位与您有业务往来的已经办理好境外采购商证的境外客商，您在他的陪伴下到广交会现场去办理一个收费的采购代表证进馆。收费标准为300RMB/人/天 50元工本费。办证资料：1、第二代身份证原件 2、名片 3、蓝/白底相片5厘米x4厘米的个人近期证件彩照 （1名外商只可以陪同2名境内人士办证）
没有人带怎么办！我就是自己想来参观,100,那么您是无法办理该证件进馆。
我自己可以办理境外采购商证吗,100,抱歉，这是最适合您办的证件。
请问如何办理境外采购商的参展证件？,100,请问与会人员是境内人士还是境外人士呢？
"这个是英文界面？,这个只能由境外客户自己去申请吗？,这个只能由境外客户自己去申请吗？",100,不是，您可以在右上角选择中文简体。如果您有她的个人信息及公司信息，您可以为其登录采购商电子服务平台进行操作。
也就是说她可以自己操作，也可以由我们帮其填写，对吧,100,"是的。,您好，请问还有什么可以帮您？,您好，请问还有什么可以帮您？"
那如果是境内人士第一次参加呢,100,请问与会的境内人士有一年以上有效境外工作签证或者境外永久居住证吗?
"不是，就是等同于陪同那个境外人士参加,他是去采购国内产品,他是去采购国内产品",100,您可以在已经办理好境外采购商证的境外客商的陪伴下到广交会现场去办理一个收费的采购代表证进馆。收费标准为300RMB/人/天 50元工本费。办证资料：1、第二代身份证原件 2、名片 3、蓝/白底相片5厘米x4厘米的个人近期证件彩照 （1名外商只可以陪同2名境内人士办证）
明白，谢谢,100,"不客气。,请问有什么可以帮您？,请问有什么可以帮您？"
"假如是我们想观展，?春季展会,提交审核资料?是给你们吗,提交审核资料?是给你们吗",100,请问与会人员是境内人士还是境外人士呢？
"还是可以现场报名,都是境内的,都是境内的",100,"请问与会人员有一年以上有效境外工作签证或者境外永久居住证吗?,您好，证件是需要到现场办理的。,您好，证件是需要到现场办理的。"
与会人员没有那些,100,请问您方便提供贵司公司名称吗？
"确保现场可以办理是吧,长沙深湘通用机器有限公司,长沙深湘通用机器有限公司",100,"您可以联系到一位与您有业务往来的已经办理好境外采购商证的境外客商，您在他的陪伴下到广交会现场去办理一个收费的采购代表证进馆。收费标准为300RMB/人/天 50元工本费。办证资料：1、第二代身份证原件 2、名片 3、蓝/白底相片5厘米x4厘米的个人近期证件彩照 （1名外商只可以陪同2名境内人士办证）。,您好，现场是可以办理以上证件的。,您好，现场是可以办理以上证件的。"
"那假如我不和外商一起，收费怎么算？,现场办理大概多少钱",100,如没有已经办理好境外采购商证的境外客商陪同下，是无法办理收费的采购代表证进馆。
我们只是入馆参观，一定要这个吗，采购代表证,100,由于广交会是没有参观证的，进馆是需要以采购商身份进馆。
国内的，第一期的,100,请问您方便提供贵司公司名称吗？
春城建材机械厂,100,好的。根据您的情况，您可以联系到一位与您有业务往来的已经办理好境外采购商证的境外客商，您在他的陪伴下到广交会现场去办理一个收费的采购代表证进馆。收费标准为300RMB/人/天 50元工本费。办证资料：1、第二代身份证原件 2、名片 3、蓝/白底相片5厘米x4厘米的个人近期证件彩照 （1名外商只可以陪同2名境内人士办证）
只有到现场才能办吗？,100,是的。且需要在已办理好境外采购商证的外商陪同下办证。
哦哦，好的,100,您好，我是70405，我很高興與你交談！
您好，最近的一期广交是什么时候,100,第一期：秋：10月15-19日（电子及家电类、照明类、车辆及配件类、机械类、五金工具类、建材类、化工产品类、能源类）
"门票需要吗,？,？",100,广交会是没有门票出售的，进馆是需要办理证件的。请问与会人员是境内人士还是境外人士呢？
"博盾,电子,电子",100,您可以联系到一位与您有业务往来的已经办理好境外采购商证的境外客商，您在他的陪伴下到广交会现场去办理一个收费的采购代表证进馆。收费标准为300RMB/人/天 50元工本费。办证资料：1、第二代身份证原件 2、名片 3、蓝/白底相片5厘米x4厘米的个人近期证件彩照 （1名外商只可以陪同2名境内人士办证）
观展的当天可办理吗,100,请问与会人员是境内人士还是境外人士呢？
参观国内产品,100,您可以联系到一位与您有业务往来的已经办理好境外采购商证的境外客商，您在他的陪伴下到广交会现场去办理一个收费的采购代表证进馆。收费标准为300RMB/人/天 50元工本费。办证资料：1、第二代身份证原件及复印件 2、名片 3、蓝/白底相片5厘米x4厘米的个人近期证件彩照 （1名外商只可以陪同2名境内人士办证）
只有这种办法吗,100,是的。
"提前办理可以吗？,我现在去办理需要这些东西吗？,我现在去办理需要这些东西吗？",100,"第一期 ?4/10月14日 10:30-18:00,第一期可以提前一天办理，第二和第三期只可以开展当天办理。"
没有合作的境外商?就不能参加了吗？,100,没有境外客商办理采购代表证，没有证件无法进馆。
证件?只有那一种办法？,100,"是的，根据您的情况是只有以上办证方式。,您好，请问还有什么可以帮您？,您好，请问还有什么可以帮您？"
我想办证,100,"根据您的情况，以上办证方式是最适合您的。,""您好,我是70435,很高兴和您对话！"",""您好,我是70435,很高兴和您对话！"""
我们想参加观会展,100,请问您是想参观广交会还是申请展位呢？
境内，江苏省苏州市的公司,100,请问与会人员有一年以上有效境外工作签证或者境外永久居住证吗?
没有办理护照的,100,好的，请问贵司是有限公司的形式吗？
"10月23号的展会,目前偏向国内,目前偏向国内",100,10月23日为广交会第二期，根据您的情况，您可以联系到一位与您有业务往来的已经办理好境外采购商证的境外客商，您在他的陪伴下到广交会现场去办理一个收费的采购代表证进馆。收费标准为300RMB/人/天 50元工本费。办证资料：1、第二代身份证原件 2、名片 3、蓝/白底相片5厘米x4厘米的个人近期证件彩照 （1名外商只可以陪同2名境内人士办证）
不能我们自己办理吗,100,抱歉，是不可以的。广交会期间进馆都是需要办理相关证件才可进馆的，根据您的情况，这是最适合您的办证方法。
境内一位，台湾一位,100,"请问与会的境内人士是否持有一年以上有效境外工作签证或者境外永久居住证呢?,请问与会的台湾人士是否是第一次参加广交会呢？,请问与会的台湾人士是否是第一次参加广交会呢？"
"境内人员没有境外工作证和境外居住证,台湾认识参加过几次广交会,台湾认识参加过几次广交会",100,"请问境内人士是想参观采购国内产品还是国外产品呢？,请问该名台湾人士最近一次参加广交会是什么时候呢？,请问该名台湾人士最近一次参加广交会是什么时候呢？"
那台湾人员可以携带一名境内人员吗,100,可以。在其办理好境外采购商证后，可以陪同两名国内人士办证。
费用也是300rmb/人/天50元工本费吗,100,是的。
我是参展商，需要邀请客户来看展，需要办理证件吗？,100,请问您客户是境内人士还是境外人士呢？
还有其他办法吗,100,"很抱歉，根据他的情况，这是最适合的办证方法。,""您好,我是70408,很高兴和您对话！"",""您好,我是70408,很高兴和您对话！"",您好，请问有什么可以帮您？,您好，请问有什么可以帮您？"
"我没有。,其他同事有过,其他同事有过",100,境外客商第一次参加广交会是有两种办证方法：（1）网上预申请境外采购商，免费办理首张免费进馆证件，与会时，凭办证回执单、名片、境外护照（需出示原件）即可进行办理； （2）无网上预申请，现场直接办理，首次办证需要缴纳100元/人民币的办证费用。同时需出示境外护照（需出示原件）、名片、相片（两寸蓝底或者白底近期彩色证件照）。
"那我呢,我是中国人,我是中国人",100,请问与您是否有一年以上有效境外工作签证或者境外永久居住证吗?
"但是公司是外资,我在深圳,我在深圳",100,请问您方便提供贵司公司名称吗？
我没有免费的吗？,100,抱歉，没有的。
"我注册了采购商，但是在网站上传公司资料的时候不成功,参加广交会门票怎么获取,参加广交会门票怎么获取",100,请问您是为境外客商操作还是为境内客商操作呢？
"我注册了网站，但是不知道怎么去获取门票,境内人士,境内人士",100,请问与会人员有一年以上有效境外工作签证或者境外永久居住证吗?
"没有啊，中国人呀,我们公司在国内,我们公司在国内",100,请问您方便提供贵司公司名称吗？
荷马特液压设备,100,请问是有限公司吗？
"对,荷马特液压设备（苏州）有限公司,荷马特液压设备（苏州）有限公司",100,请问您想参观采购国内产品还是国外产品？
"国内产品,我们是帮国外母公司国内采购产品,我们是帮国外母公司国内采购产品",100,您可以联系到一位与您有业务往来的已经办理好境外采购商证的境外客商，您在他的陪伴下到广交会现场去办理一个收费的采购代表证进馆。收费标准为300RMB/人/天 50元工本费。办证资料：1、第二代身份证原件 2、名片 3、蓝/白底相片5厘米x4厘米的个人近期证件彩照 （1名外商只可以陪同2名境内人士办证）
想问下，如果老外来观展怎么操作,100,请问境外客商是第一次与会吗？
"这个我也不太确定，我是帮别人问的,麻烦都告诉我下好么,麻烦都告诉我下好么",100,"境外客商第一次参加广交会是有两种办证方法：（1）网上预申请境外采购商，免费办理首张免费进馆证件，与会时，凭办证回执单、名片、境外护照（需出示原件）即可进行办理； （2）无网上预申请，现场直接办理，首次办证需要缴纳100元/人民币的办证费用。同时需出示境外护照（需出示原件）、名片、相片（两寸蓝底或者白底近期彩色证件照）。,""如您已办理境外采购商进馆证（自2008年10月广交会起启用的境外采购商证），请留意：此证可多届使用，请在广交会期间持卡直接进馆，便捷省时，如忘记携带或遗失补办,须缴费200元人民币/卡。"""
这个也麻烦分情况回复下,100,"如境内人士持有年以上有效境外工作签证或者境外永久居住证的话，可以按照境外客商办证方法办证进馆。,如没有一年以上有效境外工作签证或者境外永久居住证的话，境内客商需要在已经办理好境外采购商证的境外客商，陪伴下到广交会现场去办理一个收费的采购代表证进馆。收费标准为300RMB/人/天 50元工本费。办证资料：1、第二代身份证原件 2、名片 3、蓝/白底相片5厘米x4厘米的个人近期证件彩照 （1名外商只可以陪同2名境内人士办证）,如没有一年以上有效境外工作签证或者境外永久居住证的话，境内客商需要在已经办理好境外采购商证的境外客商，陪伴下到广交会现场去办理一个收费的采购代表证进馆。收费标准为300RMB/人/天 50元工本费。办证资料：1、第二代身份证原件 2、名片 3、蓝/白底相片5厘米x4厘米的个人近期证件彩照 （1名外商只可以陪同2名境内人士办证）"
"没有了,谢谢,谢谢",100,不客气。
采购电子产品这块的,100,请问与会人员是境内人士还是境外人士呢？
"境内的,我们是贸易公司,我们是贸易公司",100,请问与会人员有一年以上有效境外工作签证或者境外永久居住证吗?
"如果当时有境外客户来，会和我一起去,没有呢,没有呢",100,请问您方便提供贵司公司名称吗？
深圳市虎威尔科技有限公司,100,请问您想参观采购国内产品还是国外产品？
嗯嗯，如果不带境外客商呢？,100,您好，如没有办理好境外采购商证的境外客商陪同下是无法办理该证件进馆的。
进馆参观,100,请问与会人士是境外人士还是境内人士?
好的。明白了。谢谢！,100,"不客气。,您好，很高兴和您对话！请问有什么可以帮您呢？,您好，很高兴和您对话！请问有什么可以帮您呢？"
国内及国外,100,您可以联系到一位与您有业务往来的已经办理好境外采购商证的境外客商，您在他的陪伴下到广交会现场去办理一个收费的采购代表证进馆。收费标准为300RMB/人/天 50元工本费。办证资料：1、第二代身份证原件 2、名片 3、蓝/白底相片5厘米x4厘米的个人近期证件彩照 （1名外商只可以陪同2名境内人士办证）
不需要邀请函之类的吗,100,"根据您提供的信息，是只有这种办证方式的。,您好，请问有什么可以帮您？,您好，请问有什么可以帮您？"
我们是塑料制品企业，主要做塑料薄膜，请问有相关的企业参展吗,100,详情您可以在此查询http://i.cantonfair.org.cn/cn/index.aspx。现在第122届参展商是在陆续更新中的，9月中下旬查询到的信息是比较完整的。
好，进广交会考察一下，需要申请通行证吗,100,如是进馆参观采购，请问与会人员是境内人士还是境外人士呢？
汕头市荣业塑料五金有限公司,100,好的，根据您的情况，您可以联系到一位与您有业务往来的已经办理好境外采购商证的境外客商，您在他的陪伴下到广交会现场去办理一个收费的采购代表证进馆。收费标准为300RMB/人/天 50元工本费。办证资料：1、第二代身份证原件 2、名片 3、蓝/白底相片5厘米x4厘米的个人近期证件彩照 （1名外商只可以陪同2名境内人士办证）
"嗯,您好,您好",100,您好，请问有什么可以帮您？
个人可以参加广交会吗,100,请问与会人员是境内人士还是境外人士呢？
我不认识境外商的话，还有其他途径吗,100,"如果没有已经办理好境外采购商证的境外客商陪同，无法办理采购代表证，没有证件无法进馆。,以上办证方式是最适合您的。,以上办证方式是最适合您的。"
认识参展商可以吗,100,您可以联系参展商咨询商务厅是否有名额可以办理参展代表证。
琶洲会馆有没有不是对外的展会,100,"我们这里是广交会展馆，除了举办广交会还会举办其他展会。,广交会展馆展览排期详情可以查看http://www.ciefc.com/,广交会展馆展览排期详情可以查看http://www.ciefc.com/"
前几天的家具展，是不是对外的,100,是的，但是进馆是否需要证件需要联系主办方确认。
好的，非常感谢,100,不客气，请问还有什么可以帮您？
请问今年的广交会什么时候举办,100,第一期：秋：10月15-19日（电子及家电类、照明类、车辆及配件类、机械类、五金工具类、建材类、化工产品类、能源类）
参加需要什么门槛吗,100,您是指申请展位还是进馆参观？
"我是福建龙马环卫装备股份有限公司?海外销售经理,进馆参观,进馆参观",100,请问与会人员是境内人士还是境外人士呢？
我自己，我是中国公民,100,请问与会人员有一年以上有效境外工作签证或者境外永久居住证吗?
"我是做印度，和泰国市场,如果不认识境外采购商呢,如果不认识境外采购商呢,可以进去吗",100,进馆参观采购是需要办理证件的，如没有已经办理好境外采购商证的外商陪同是无法办理证件的，无法进馆的。
君升工艺,100,您可以联系到一位与您有业务往来的已经办理好境外采购商证的境外客商，您在他的陪伴下到广交会现场去办理一个收费的采购代表证进馆。收费标准为300RMB/人/天 50元工本费。办证资料：1、第二代身份证原件 2、名片 3、蓝/白底相片5厘米x4厘米的个人近期证件彩照 （1名外商只可以陪同2名境内人士办证）
现场班的吗？,100,是的，需要现场办理。
好的???非常感谢,100,不客气，请问还有什么可以帮你？
还有问下???淘宝上面卖的可以的吗？真的假的？,100,我们是没有任何第三方机构来出售证件的，建议您不要轻信。
好的??谢谢,100,不客气。
我们想去参观展会，需要报名吗,100,请问与会人员是境内人士还是境外人士呢？
都想看一下,100,请问您方便提供贵司公司名称吗？
深圳草莓防伪科技有限公司,100,您可以联系到一位与您有业务往来的已经办理好境外采购商证的境外客商，您在他的陪伴下到广交会现场去办理一个收费的采购代表证进馆。收费标准为300RMB/人/天 50元工本费。办证资料：1、第二代身份证原件 2、名片 3、蓝/白底相片5厘米x4厘米的个人近期证件彩照 （1名外商只可以陪同2名境内人士办证）
自己不能办吗？,100,进馆参观采购都是需要办理证件才可以进馆的，如没有已经办理好境外采购商证的外商陪同是无法办理证件，无法进馆的。
是我的票怎么购买,100,请问您是境内人士吗？
我就是中国人?在国内工作的,100,请问您方便提供贵司公司名称吗？
是个人,100,请问您想参观采购国内产品还是国外产品？
我是翻译陪同国外买家,100,好的，您可以在已经办理好境外采购商证的境外客商的陪伴下到广交会现场去办理一个收费的采购代表证进馆。收费标准为300RMB/人/天 50元工本费。办证资料：1、第二代身份证原件 2、名片 3、蓝/白底相片5厘米x4厘米的个人近期证件彩照 （1名外商只可以陪同2名境内人士办证）
没有其他方法可以提前购票吗,100,抱歉，这是最适合您办的证件。
如果是buyer的证呢,100,"进馆参观都是需要办理证件的，以上就是最适合您的办证方式。,我们是根据您持有的证件来区别办证方式的，如是境内人士，没有持有一年以上有效工作签证或者境外永久居住身份证，都是需要外商陪同办理证件的。,我们是根据您持有的证件来区别办证方式的，如是境内人士，没有持有一年以上有效工作签证或者境外永久居住身份证，都是需要外商陪同办理证件的。"
如果我第一期参加一天，第二期参加一天。就要当天办理是吧,100,是的，这个展位只能办理当期的，最多可以办理5天，如果第二期要参加，需重新办理。
没有，我们只有居民身份证,100,请问与会人员想参观采购国内产品还是国外产品？
可以的话，都想参观,100,请烦请提供与会人员的司公司全称。
连云港腾亿电子有限公司?,100,您可以联系到一位与您有业务往来的已经办理好境外采购商证的境外客商，您在他的陪伴下到广交会现场去办理一个收费的采购代表证进馆。收费标准为300RMB/人/天 50元工本费。办证资料：1、第二代身份证原件 2、名片 3、蓝/白底相片5厘米x4厘米的个人近期证件彩照 （1名外商只可以陪同2名境内人士办证）
哦，这个是比较便利的渠道对吗，自己没有办法申请吗？,100,根据您提供的信息，这是最适合您办理证件方式。
",有邀请函不是可以免费办理么？,有邀请函不是可以免费办理么？",100,您咨询的是参展代表证。
境内人士就是中国人的意思?,100,请问您想参观采购国内产品还是国外产品？
客户如果不来呢？,100,抱歉，这是最适合您办的证件。
如果境外采购商不来的话我就不能办理是吧？,100,是的。
门票怎么买？,100,请问您是想参加哪一个展会呢？
"一期最后一天，二期第一天,带孩子,带孩子",100,请问您是指广交会吗？
"没有,山东人,山东人",100,请问您想参观采购国内产品还是国外产品？
这样，不是个人也可以买票参观的啊？这么麻烦,100,抱歉，广交会是没有门票售卖的，进馆是需要办理证件的。
如果能办证件，可以带孩子吗？,100,由于广交会主要是提供给客商洽谈业务的，并且人流量较大，所以不建议带小孩进馆。
去看展要怎么办证,100,请问您是想参观广交会吗？
都有意向,100,请问您方便提供贵司公司名称吗？
广州酷之优电子配件有限公司,100,您可以联系到一位与您有业务往来的已经办理好境外采购商证的境外客商，您在他的陪伴下到广交会现场去办理一个收费的采购代表证进馆。收费标准为300RMB/人/天 50元工本费。办证资料：1、第二代身份证原件 2、名片 3、蓝/白底相片5厘米x4厘米的个人近期证件彩照 （1名外商只可以陪同2名境内人士办证）
可是不知道找谁呀,100,"如没有已经办理好境外采购商证的境外客商陪同下，是无法办理该证件进馆的。,您好！工号70415很高兴为您服务！/Hello!?NO.70415?is?at?your?service."
"哦。谢谢。,这个证，能现场办吗？,这个证，能现场办吗？",100,这个证件只能按照上述方法，在现场办证。
明白。谢谢。,100,不客气，请问还有什么可以帮您？
您好请问在吗,100,您好，请问有什么可以帮到您？
请问怎样办理广交会观众证件的呢,100,您好，请问您是想进馆参观吗？
哦··好的！谢谢,100,不客气。
注册不是有一个验证码要填的吗,100,您方便发送您的现在所在的网页页面的网址吗？
没有，是国外驻国内代表处工作人员,100,请问贵司是否持有外国地区企业常驻代表机构登记证呢？
驻华办事处的企业不是需要先通过内容审核吗,100,您好，平台是需要大概等到九月份才会开放申请以及审核的。
广交会有观众的证吗／,100,请问与会人员是境内人士还是境外人士呢？
"可以进去参观的那种？,境内,境内",100,请问与会人员有一年以上有效境外工作签证或者境外永久居住证吗?
请问参观这个会展需要什么手续？,100,请问您是想要参观十月份的广交会吗？
"哦,请问参观这个会展需要什么手续？,请问参观这个会展需要什么手续？",100,请问您是想要参观十月份的广交会吗？
"没有,是在中国境内的经销业务,是在中国境内的经销业务",100,请问您想参观采购广交会国内产品还是国外产品？
个人不能参观吗？,100,是可以的。您可以联系到一位与您有业务往来的已经办理好境外采购商证的境外客商，您在他的陪伴下到广交会现场去办理一个收费的采购代表证进馆。收费标准为300RMB/人/天 50元工本费。办证资料：1、第二代身份证原件 2、名片 3、蓝/白底相片5厘米x4厘米的个人近期证件彩照 （1名外商只可以陪同2名境内人士办证）
哦，那我提供公司名称的话是什么程序,100,请问贵司的全称是什么呢？
上海恒隆木业有限公司,100,请问您是要参观采购国内产品还是国外产品呢?
"都要参观呢？,有区别是吗？,有区别是吗？",100,如果是境内人士，并且没有持有一年以上有效境外工作签证或者境外永久居住身份证的话，您可以联系到一位与您有业务往来的已经办理好境外采购商证的境外客商，您在他的陪伴下到广交会现场去办理一个收费的采购代表证进馆。收费标准为300RMB/人/天 50元工本费。办证资料：1、第二代身份证原件 2、名片 3、蓝/白底相片5厘米x4厘米的个人近期证件彩照 （1名外商只可以陪同2名境内人士办证）
这样的话国内外的产品都能参观了是吗？,100,是的。
还有别的申请途径吗？,100,抱歉，如果是境内人士，并且没有持有一年以上有效境外工作签证或者境外永久居住身份证的话，都是需要在已经办理好境外采购商证的外商陪同下办理证件。
"懂了,谢谢,谢谢",100,不客气，请问还有其他可以帮您吗？
"暂时没有了,谢谢,谢谢",100,您好！工号70427很高兴为您服务/Hello!?NO.70427?is?at?your?service.
"您好，请我广交会邀请函要怎么申请呢,请问",100,请问需要申请邀请函的人员是哪国人士呢？
没有哦,100,"很抱歉，如果国内人士不持有上述两种有效证件，是无法申请邀请函的。邀请函主要协助境外客商办理进馆证件。,请问您是想要进馆参观吗？,请问您是想要进馆参观吗？"
"国内,我们公司是做跨境电商的，想挖掘供应商合作伙伴,我们公司是做跨境电商的，想挖掘供应商合作伙伴",100,好的。根据您的情况，您可以联系到一位与您有业务往来的已经办理好境外采购商证的境外客商，您在他的陪伴下到广交会现场去办理一个收费的采购代表证进馆。收费标准为300RMB/人/天 50元工本费。办证资料：1、第二代身份证原件及复印件 2、名片 3、蓝/白底相片5厘米x4厘米的个人近期证件彩照 （1名外商只可以陪同2名境内人士办证）
"wo?zen?me?ya,我怎么样才能进场参观呢？,我怎么样才能进场参观呢？",100,请问与会人员是境内人士还是境外人士呢？
没有的,100,请问您想参观采购国内产品还是国外产品？
都想了解,100,请问您方便提供贵司公司名称吗？
"公司营业执照还在办理中，预计两月后才出来,广州三木服饰有限公司,广州三木服饰有限公司",100,您可以联系到一位与您有业务往来的已经办理好境外采购商证的境外客商，您在他的陪伴下到广交会现场去办理一个收费的采购代表证进馆。收费标准为300RMB/人/天 50元工本费。办证资料：1、第二代身份证原件 2、名片 3、蓝/白底相片5厘米x4厘米的个人近期证件彩照 （1名外商只可以陪同2名境内人士办证）
那以国内公司名义可以办理嘛,100,很抱歉，根据您的情况，这是最适合您的办证方法。
"没有，但是有英国的大学的研究生证件,15号开始的那期,15号开始的那期",100,请问您想参观采购国内产品还是国外产品？
我是否可以带2个合作伙伴进去,100,您办理的是采购代表证并不是采购商证件。
这样啊,100,是的。
采购商证件有什么要求？,100,境外客商需要持境外护照/港澳回乡证/台胞证/有一年以上境外有效工作签证的中国护照/境外永久居住证（需出示原件）、名片、1张蓝/白底相片（5厘米×4厘米的个人彩色近期证件照）到现场办理收费的境外采购商证。收费标准100元RMB。
"哦,明白了，谢谢,明白了，谢谢,去广交会参观需要办证吗？,去广交会参观需要办证吗？",100,"是需要的。,请问与会人员是境内人士还是境外人士呢？,请问与会人员是境内人士还是境外人士呢？"
不清楚,100,如您没有上述证件，您可以联系到一位与您有业务往来的已经办理好境外采购商证的境外客商，您在他的陪伴下到广交会现场去办理一个收费的采购代表证进馆。收费标准为300RMB/人/天 50元工本费。办证资料：1、第二代身份证原件 2、名片 3、蓝/白底相片5厘米x4厘米的个人近期证件彩照 （1名外商只可以陪同2名境内人士办证）
"没有业务来往的呢？,自己一个人去办行吗？,自己一个人去办行吗？",100,如没有已经办理好境外采购商证的境外客商陪同下，是无法办理收费的采购代表证的。
那请问怎么办呢？,100,没有证件是无法进馆的。
"我想说的是没有业务来往的人员,是去观看都要办证吗,是去观看都要办证吗",100,"您可以联系到一位与您人士的已经办理好境外采购商证的境外客商，您在他的陪伴下到广交会现场去办理一个收费的采购代表证进馆。收费标准为300RMB/人/天 50元工本费。办证资料：1、第二代身份证原件 2、名片 3、蓝/白底相片5厘米x4厘米的个人近期证件彩照 （1名外商只可以陪同2名境内人士办证）,是的。,是的。,请问还有什么可以帮您？,请问还有什么可以帮您？"
"请问中国人跟意大利人明天要进展会，需要办理什么手续才能进？,第一次进场,第一次进场",100,"境外客商需要持境外护照/（需出示原件）、名片、1张蓝/白底相片（5厘米×4厘米的个人彩色近期证件照）到现场办理收费的境外采购商证。收费标准100元RMB。,请问与会的境内人士有一年以上有效境外工作签证或者境外永久居住证吗?,请问与会的境内人士有一年以上有效境外工作签证或者境外永久居住证吗?"
中国人的呢？,100,请问与会的境内人士有一年以上有效境外工作签证或者境外永久居住证吗?
谢谢你,100,"不客气。,您好，请问还有什么可以帮您？,您好，请问还有什么可以帮您？"
能先网上办理不？,100,抱歉，这个只能在现场办理。
个人去看展会是否收费,100,您好，请问你有什么可以帮助到您的吗？
广东宝莱特医用科技股份有限公司,100,请您想参观采购国内产品还是国外产品？
"不一定,看一下情况,看一下情况",100,如果您境内境外产品都想看一下或者只是想看看境内产品，您可以联系到一位与您有业务往来的已经办理好境外采购商证的境外客商，您在他的陪伴下到广交会现场去办理一个收费的采购代表证进馆。收费标准为300RMB/人/天 50元工本费。办证资料：1、第二代身份证原件 2、名片 3、蓝/白底相片5厘米x4厘米的个人近期证件彩照 （1名外商只可以陪同2名境内人士办证）
我是国内采购商，如何申请展会通行证,100,您是想进馆参观采购吗？
没有哦，国内不能去参观采购吗？,100,"您需要在一名已经办理采购商证的外商的陪同下，带上您的二代身份证，2寸蓝底或白底照片，您的名片到广交会现场境外采购商报到处办理收费的采购代表证，收费：300元/人/天 50元工本费。,不是的，只要符合办证资质，办理了相关证件就可以进馆参观采购。,不是的，只要符合办证资质，办理了相关证件就可以进馆参观采购。"
哦，好的，要是没有这些手续就不能进馆参观了吗？,100,"是的。,需要符合资质标准才可以办证的。,需要符合资质标准才可以办证的。"
好的，我没参加过，是每次展览都需要吗,100,"是的。,您办理采购代表证只是当日或当期有效。,您办理采购代表证只是当日或当期有效。,您好！工号70445很高兴为您服务。/Hello! NO.70445 is at your service. ,您好！工号70445很高兴为您服务。/Hello! NO.70445 is at your service. ,请问有什么可以帮您？,请问有什么可以帮您？"
"想问如何能去进入看展会啊,我想进去看商品,我想进去看商品",100,"您需要办理采购证件入馆。,请问与会人员是境内人士还是境外人士呢？,请问与会人员是境内人士还是境外人士呢？"
"我从南宁过来的,境内,境内",100,请问您有一年以上有效境外工作签证或者境外永久居住证吗?
没有噢,100,请问您想要参加第几期广交会呢？
"广交会不对外开放吗,第二期,第二期",100,不是的，根据您持有的证件类型不同，适合您的办证方式也是不同的。
我们公司是贸易公司，想进去看商品，采购商品,100,"您好，您参观的第二期广交会为出口展，出口展区参展企业都是国内的企业，参展展品主要面向境外市场境外采购商，您可作为境外采购商的境内采购代表办理采购代表证进馆。 ,您可以联系到一位与您有业务往来的已经办理好境外采购商证的境外客商，您在他的陪伴下到广交会现场去办理一个收费的采购代表证进馆。收费标准为300RMB/人/天 50元工本费。办证资料：1、第二代身份证原件及复印件 2、名片 3、蓝/白底相片5厘米x4厘米的个人近期证件彩照 （1名外商只可以陪同2名境内人士办证）,您可以联系到一位与您有业务往来的已经办理好境外采购商证的境外客商，您在他的陪伴下到广交会现场去办理一个收费的采购代表证进馆。收费标准为300RMB/人/天 50元工本费。办证资料：1、第二代身份证原件及复印件 2、名片 3、蓝/白底相片5厘米x4厘米的个人近期证件彩照 （1名外商只可以陪同2名境内人士办证）"
"这样啊,还有其它简单的方式吗",100,抱歉，这是最适合您的办证方式了。
没有境外业务,100,抱歉，根据您的情况，必须有一位已经办理好境外采购商证的外商陪同办证。
"国内的,我们是出口公司?想去参展,我们是出口公司?想去参展",100,请问您方便提供贵司公司名称吗？
莒南县绿谷食品有限公司,100,"好的。根据您的情况，您可以联系到一位与您有业务往来的已经办理好境外采购商证的境外客商，您在他的陪伴下到广交会现场去办理一个收费的采购代表证进馆。收费标准为300RMB/人/天 50元工本费。办证资料：1、第二代身份证原件 2、名片 3、蓝/白底相片5厘米x4厘米的个人近期证件彩照 （1名外商只可以陪同2名境内人士办证）,请问还有什么可以帮您？,请问还有什么可以帮您？"
"明白了,谢谢,谢谢,请问陪同老外看展的中国人?怎么办入场证,请问陪同老外看展的中国人?怎么办入场证",100,请问与会人员是境内人士还是境外人士呢？
一个境外?一个境内,100,请问境内人士有一年以上有效境外工作签证或者境外永久居住证吗?
"境外的已经有入场证了,没有?境内的没有,没有?境内的没有",100,请问您方便提供贵司公司名称吗？
"我是国外公司?在中国的员工,iml,iml",100,请问您想参观采购国内产品还是国外产品？
可不可以办理游客证,100,请问您是想要进馆参观采购吗？
国外都有可能,100,您可以按照以上方法办证进馆。
没有其他办法吗？,100,根据您的情况，这是最适合您的办证方法。
请问一下一个外商可以最多带几个中国的采购代表？,100,您好，最多可以带两个。
"还有需要中国采购代表准备什么资料,好的,好的,？,？",100,"请稍等，正在为您查询。,您好，您可以联系到一位与您有业务往来的已经办理好境外采购商证的境外客商，您在他的陪伴下到广交会现场去办理一个收费的采购代表证进馆。收费标准为300RMB/人/天 50元工本费。办证资料：1、第二代身份证原件 2、名片 3、蓝/白底相片5厘米x4厘米的个人近期证件彩照 （1名外商只可以陪同2名境内人士办证）,您好，您可以联系到一位与您有业务往来的已经办理好境外采购商证的境外客商，您在他的陪伴下到广交会现场去办理一个收费的采购代表证进馆。收费标准为300RMB/人/天 50元工本费。办证资料：1、第二代身份证原件 2、名片 3、蓝/白底相片5厘米x4厘米的个人近期证件彩照 （1名外商只可以陪同2名境内人士办证）,您好，请问还有什么可以帮您？,您好，请问还有什么可以帮您？"
"我们申请了广交会的邀请函，,是不是什么时间去都可以？,是不是什么时间去都可以？",100,请问与会人员是境内人士还是境外人士呢？
"境内,外国企业中国采购办事处的,外国企业中国采购办事处的",100,请问贵司是在3月31日前在采购商电子服务平台上面申请了驻华办事邀请函吗？
是的，而且我现在已经打印出来了,100,"""您好，您所办理证件进馆时间实在9:30-18:00,。"",您可以参加以下时间段的展会第一期：春：4月15-19日 第二期：春：4月23-27日??第三期：春:5月1-5日 ,您可以参加以下时间段的展会第一期：春：4月15-19日 第二期：春：4月23-27日??第三期：春:5月1-5日 "
"如何参观展览,需要办理证件吗,需要办理证件吗",100,请问与会人员是境内人士还是境外人士呢？
如果没有境外往来的客商呢？,100,如没有已经办理好境外采购商证的境外客商陪同下是无法办理该证件的。
参观国内产品也是不可以的吗,100,"您好，您参观的出口展区参展企业都是国内的企业，参展展品主要面向境外市场境外采购商，您可作为境外采购商的境内采购代表办理采购代表证进馆。 ,请问还有什么可以帮您？,请问还有什么可以帮您？"
办理窗口途经在哪里？,100,办证地点是在广交会展馆：
我想问下第二期4月23到4月27号的进去参观需要什么证件么？,100,"请问与会人员是境内人士还是境外人士呢？,您好，进馆参观采购商是需要办理证件的。,您好，进馆参观采购商是需要办理证件的。"
"我记得之前是有群众开放日的,国内外的都可以参观,国内外的都可以参观",100,"抱歉，广交会是没有观众开放日的。,您可以联系到一位与您有业务往来的已经办理好境外采购商证的境外客商，您在他的陪伴下到广交会现场去办理一个收费的采购代表证进馆。收费标准为300RMB/人/天 50元工本费。办证资料：1、第二代身份证原件 2、名片 3、蓝/白底相片5厘米x4厘米的个人近期证件彩照 （1名外商只可以陪同2名境内人士办证）。,您可以联系到一位与您有业务往来的已经办理好境外采购商证的境外客商，您在他的陪伴下到广交会现场去办理一个收费的采购代表证进馆。收费标准为300RMB/人/天 50元工本费。办证资料：1、第二代身份证原件 2、名片 3、蓝/白底相片5厘米x4厘米的个人近期证件彩照 （1名外商只可以陪同2名境内人士办证）。"
有没在网上申请进展的呢？,100,很抱歉，根据您的情况，这是最适合您的办证方式。
广交会门票多少钱？,100,"您好，广交会是没有门票售卖的，进馆是需要办理证件的。,请问与会人员是境内人士还是境外人士呢？,请问与会人员是境内人士还是境外人士呢？"
"境内,怎么办理？,怎么办理？",100,请问与会人员有一年以上有效境外工作签证或者境外永久居住证吗?
没有，只有旅游过,100,请您想参观采购国内产品还是国外产品？
"没有的,不是有外商带就可以办理翻译证件吗,不是有外商带就可以办理翻译证件吗",100,您可以联系到一位与您有业务往来的已经办理好境外采购商证的境外客商，您在他的陪伴下到广交会现场去办理一个收费的采购代表证进馆。收费标准为300RMB/人/天 50元工本费。办证资料：1、第二代身份证原件 2、名片 3、蓝/白底相片5厘米x4厘米的个人近期证件彩照 （1名外商只可以陪同2名境内人士办证）
请问如何入场，如何办理入场证,100,请问与会人员是境内人士还是境外人士呢？
"境内,广州企业,广州企业",100,请问与会人员有一年以上有效境外工作签证或者境外永久居住证吗?
都可以,100,"您可以联系到一位与您有业务往来的已经办理好境外采购商证的境外客商，您在他的陪伴下到广交会现场去办理一个收费的采购代表证进馆。收费标准为300RMB/人/天 50元工本费。办证资料：1、第二代身份证原件 2、名片 3、蓝/白底相片5厘米x4厘米的个人近期证件彩照 （1名外商只可以陪同2名境内人士办证）,您好！工号70408很高兴为您服务/Hello!?NO.70408?is?at?your?service. ,您好！工号70408很高兴为您服务/Hello!?NO.70408?is?at?your?service. "
"我们想去广交会需要什么资料吗,不是参展，我们是采购方,不是参展，我们是采购方",100,请问与会人员是境内人士还是境外人士呢？
"全部是境内的,我们公司注册是在香港的,我们公司注册是在香港的",100,请问与会人员有一年以上有效境外工作签证或者境外永久居住证吗?
"要是没有呢,就不能去？",100,"没有已经办理好境外采购商证的境外客商陪同无法办理采购代表证，没有证件无法进馆。,如没有已经办理好境外采购商证的境外客商陪伴下是无法办理证件进馆的。,如没有已经办理好境外采购商证的境外客商陪伴下是无法办理证件进馆的。"
"第三骑,都参观,都参观",100,您可以联系到一位与您有业务往来的已经办理好境外采购商证的境外客商，您在他的陪伴下到广交会现场去办理一个收费的采购代表证进馆。收费标准为300RMB/人/天 50元工本费。办证资料：1、第二代身份证原件 2、名片 3、蓝/白底相片5厘米x4厘米的个人近期证件彩照 （1名外商只可以陪同2名境内人士办证）
第二期，27号的,100,请问您方便提供贵司公司名称吗？
就广州人,100,请您想参观采购国内产品还是国外产品？
"？,都有,都有",100,您可以联系到一位与您有业务往来的已经办理好境外采购商证的境外客商，您在他的陪伴下到广交会现场去办理一个收费的采购代表证进馆。收费标准为300RMB/人/天 50元工本费。办证资料：1、第二代身份证原件 2、名片 3、蓝/白底相片5厘米x4厘米的个人近期证件彩照 （1名外商只可以陪同2名境内人士办证）
没有认识的,100,如没有已经办理好境外采购商证的境外客商陪同下是无法办理证件的。
普通市民呢,100,您好，进馆也是需要办理证件的。
"身份证不行么,或者购票？,或者购票？",100,您好，广交会是没有门票售卖的。
"请问我第三期想要去参观展会,需要交多少费用吗？,需要交多少费用吗？",100,请问与会人员是境内人士还是境外人士呢？
"没有的,我是外资公司的一名员工，中国国籍,我是外资公司的一名员工，中国国籍,怎么办理？,怎么办理？",100,请您想参观采购国内产品还是国外产品？
"国内,家纺,家纺",100,请问您方便提供贵司公司名称吗？
广州卡如泽贸易有限公司,100,好的。根据您的情况，您可以联系到一位与您有业务往来的已经办理好境外采购商证的境外客商，您在他的陪伴下到广交会现场去办理一个收费的采购代表证进馆。收费标准为300RMB/人/天 50元工本费。办证资料：1、第二代身份证原件 2、名片 3、蓝/白底相片5厘米x4厘米的个人近期证件彩照 （1名外商只可以陪同2名境内人士办证）
"您好，我们是采购商，怎么获取门票,想参加第三期,想参加第三期",100,请问与会人员是境内人士还是境外人士呢？
"杭州公司?,没有?,没有?",100,请您想参观采购国内产品还是国外产品？
"两个都想采购??,纺织类，母婴类,纺织类，母婴类,第三期??,第三期??",100,请问您方便提供贵司公司名称吗？
杭州纽奔贸易有限公司,100,"好的，根据您的情况，您可以联系到一位与您有业务往来的已经办理好境外采购商证的境外客商，您在他的陪伴下到广交会现场去办理一个收费的采购代表证进馆。收费标准为300RMB/人/天 50元工本费。办证资料：1、第二代身份证原件 2、名片 3、蓝/白底相片5厘米x4厘米的个人近期证件彩照 （1名外商只可以陪同2名境内人士办证）,Guest 04-26 13:45:39,Guest 04-26 13:45:39"
内宾怎么办证进场,100,请问您是想要进馆参观吗？
"没有。常驻广州。,我们怎么进去呢,我们怎么进去呢",100,请问您是需要参观第几期呢？
今天的?礼品展,100,请问您方便提供贵司公司名称吗？
没有境外客商咋么办,100,如果没有已办理好境外采购商证的外商陪同，是无法办理证件的。
玉环元伦阀门有限公司,100,请问您是需要采购国内的产品吗？
我们也是生产厂家，这次过去想看看，到时候明年参展,100,好的。根据您的情况，您可以联系到一位与您有业务往来的已经办理好境外采购商证的境外客商，您在他的陪伴下到广交会现场去办理一个收费的采购代表证进馆。收费标准为300RMB/人/天 50元工本费。办证资料：1、第二代身份证原件 2、名片 3、蓝/白底相片5厘米x4厘米的个人近期证件彩照 （1名外商只可以陪同2名境内人士办证）
不能提前预订门票吗？,100,您好，很抱歉，广交会是没有门票的。需符合相关办证条件办理相关证件方可进馆。
"我们是国内的公司,境内,境内",100,请问与会人员有一年以上有效境外工作签证或者境外永久居住证吗?
裕成塑胶有限公司,100,请问您是需要采购国内的产品吗？
那如果没有刚好同个时间去的境外客商一起呢,100,很抱歉，如果没有已办理好境外采购商证的外商陪同，是无法办理进馆证件的。
厦门这边的，就是想去展会参观,100,请问与会人员有一年以上有效境外工作签证或者境外永久居住证吗?
"能解释一下吗？,好像都没有,好像都没有",100,好的。请问贵司全称是？
厦门天利富橡塑制品有限公司,100,好的，根据您的情况，您可以联系到一位与您有业务往来的已经办理好境外采购商证的境外客商，您在他的陪伴下到广交会现场去办理一个收费的采购代表证进馆。收费标准为300RMB/人/天 50元工本费。办证资料：1、第二代身份证原件 2、名片 3、蓝/白底相片5厘米x4厘米的个人近期证件彩照 （1名外商只可以陪同2名境内人士办证）
这边没办法办吗？,100,很抱歉，广交会期间不对外开放。须符合相关办证条件办理相关证件后方可进馆。
作为游客是没有办法参观证的吗？,100,是的。
深圳户籍身份证,100,好的。请问您是想要采购国内的产品吗？
我是个人的?没有公司,100,好的，根据您的情况，您可以联系到一位与您有业务往来的已经办理好境外采购商证的境外客商，您在他的陪伴下到广交会现场去办理一个收费的采购代表证进馆。收费标准为300RMB/人/天 50元工本费。办证资料：1、第二代身份证原件 2、名片 3、蓝/白底相片5厘米x4厘米的个人近期证件彩照 （1名外商只可以陪同2名境内人士办证）
一定要有外商陪同吗？,100,是的。广交会期间不对外开放。需符合相关办证条件办理相关证件方可进馆。
个人不能进去的吗？,100,是的。如果没有已办理好境外采购商证的外商陪同，是无法办证进馆的。
